{
  "n_components": 2,
  "random_state": 42,
  "explained_variance_ratio": [
    0.25456178836076665,
    0.22876587160879044
  ],
  "singular_values": [
    5.243345605904956,
    4.970584888496462
  ],
  "notes": "PCA run on standardized skill features (StandardScaler)."
}